question,answer,category
What is VayuAkra?,VayuAkra (Sanskrit for Wind Energy) is an AI-driven dashboard that identifies which fossil-fuel power plants in India should be replaced with solar wind or hybrid renewable systems. It scores every fossil plant from 0-100 based on age renewable potential and grid dependency.,general
What does VayuAkra mean?,VayuAkra comes from Sanskrit — Vayu means Wind and Akra means Energy. It represents India's journey toward clean wind and solar power.,general
What is the purpose of this dashboard?,VayuAkra helps policymakers and energy planners decide which coal gas and oil plants to retire first and whether to replace them with solar wind or hybrid renewable systems.,general
How many plants are analysed?,VayuAkra analyses 1589 power plants across India of which 338 are fossil-fuel plants including coal gas and oil facilities.,general
What datasets does VayuAkra use?,VayuAkra uses two datasets — the WRI Global Power Plant Database enriched with NASA POWER solar irradiance and ERA5 wind speed data plus the IEA Ember India Monthly Electricity Release for state-level grid composition.,general
Who built VayuAkra?,VayuAkra was built as an energy systems engineering project combining data science geospatial analysis and full-stack development using Python and Streamlit.,general
What fuels are considered fossil fuels?,Coal Gas and Oil are the three fossil fuel types analysed and scored in VayuAkra. All other plants including Solar Wind Hydro Nuclear and Biomass are marked as Already Clean.,general
What is a Transition Score?,The Transition Score is a number from 0 to 100 assigned to every fossil plant. Higher scores mean the plant is more urgent to replace. It combines plant age renewable resource abundance and regional grid dependency.,scoring
How is the Transition Score calculated?,The Transition Score = Age Score × 40% + Renewable Resource Score × 40% + Regional Grid Priority × 20%. All three components are normalised to 0-100 before weighting.,scoring
What does the Age component measure?,The Age component measures how old the plant is. Older plants score higher because they are closer to end-of-life and less economically defensible. A 60-year-old plant scores 100 on this component.,scoring
How is plant age calculated?,Age = 2024 minus commissioning year. If the commissioning year is missing VayuAkra assumes 30 years for Coal plants and 20 years for Gas plants as conservative defaults.,scoring
What does the Renewable Resource component measure?,The Renewable Resource component measures how much solar and wind energy is available at the plant's location. It combines normalised solar irradiance mean and wind speed at 100m equally.,scoring
What is the weight of age in the Transition Score?,Age contributes 40% of the total Transition Score — the single largest component because plant retirement decisions are primarily driven by asset age and capital depreciation.,scoring
What is the weight of renewable resources in scoring?,Renewable resource abundance contributes 40% of the Transition Score combining solar irradiance and wind speed at the plant's location.,scoring
What is the Regional Grid Priority component?,Regional Grid Priority contributes 20% of the score. A state with high fossil dependency gets elevated priority so plants in coal-locked states score higher than equally aged plants in diversified grids.,scoring
What is an Urgent Replacement plant?,A plant scoring 70 or above is classified as Urgent Replacement — it combines old age high renewable potential and sits in a fossil-heavy grid making it a top priority for retirement.,classification
What is Moderate Priority?,Plants scoring between 40 and 69 are Moderate Priority — they have significant retirement reasons but are not as immediately critical as Urgent Replacement candidates.,classification
What is Low Priority?,Plants scoring below 40 are Low Priority — they may be newer or located in areas with lower renewable potential or already-diversified grids.,classification
What does Already Clean mean?,Already Clean plants are non-fossil facilities — Solar Wind Hydro Nuclear Biomass etc. They receive no Transition Score as they are already part of the clean energy solution.,classification
What is a Hybrid Candidate?,A Hybrid Candidate is a fossil plant whose location exceeds the 75th percentile nationally for BOTH solar irradiance AND wind speed. These sites are ideal for co-located solar-wind hybrid systems that maximise capacity factor.,classification
What does Solar recommendation mean?,A Solar recommendation means the plant's location has high solar irradiance above the 75th percentile but lower wind speed. Utility-scale solar PV ideally paired with battery storage is the best replacement.,classification
What does Wind recommendation mean?,A Wind recommendation means the plant's location has strong wind speed above the 75th percentile at 100m hub height but lower solar potential. A wind farm would effectively replace the plant's capacity.,classification
How does the map work?,The Geospatial Intelligence Map plots all plants as circles. Circle size is proportional to capacity in MW. Colour runs from green for low scores to red for urgent replacement. Hover over any plant to see its details.,features
What do the map colours mean?,Red plants have high Transition Scores and are urgent replacements. Yellow-orange plants are moderate priority. Green plants are low priority or already clean. The colour scale runs from 0 green to 100 red.,features
What is the State Leaderboard?,The State Leaderboard ranks Indian states by their total retirable coal capacity in MW. It also shows the fossil-to-clean grid composition for each state helping identify where intervention is most needed.,features
What is the Surya-Vayu Analysis?,Surya-Vayu Analysis is a per-plant deep dive. Select any fossil plant in the sidebar and see its 12-month solar irradiance curve wind speed gauge score breakdown and recommended renewable replacement mix.,features
What is the 12-month solar curve?,The 12-month solar curve shows monthly average solar irradiance in kWh per square metre per day across January to December. It reveals seasonal patterns — peaks in summer months and dips during monsoon season.,features
How do I use the sidebar?,Use the sidebar to filter plants by minimum Transition Score fuel type and classification. Also use it to select a specific plant for the Surya-Vayu deep dive analysis.,features
What is the Transition Score slider?,The Transition Score slider in the sidebar hides all fossil plants below the chosen feasibility score. Slide it up to focus only on the most urgent replacement candidates.,features
What is solar irradiance?,Solar irradiance measures the power of sunlight hitting a surface — in VayuAkra it is expressed as kWh per square metre per day averaged monthly from NASA POWER satellite data.,renewable
What is wind speed at 100m?,Wind speed at 100m refers to the average wind speed at 100 metres above ground — the typical hub height of modern utility-scale wind turbines. Higher values indicate stronger wind energy potential.,renewable
What is a good solar irradiance value?,In the Indian context solar irradiance values above 5.5 kWh per square metre per day are considered excellent for utility solar. Rajasthan Gujarat and parts of the Deccan Plateau have the highest values.,renewable
What is a good wind speed for a wind farm?,Wind speeds above 6-7 metres per second at 100m are generally considered economically viable for utility-scale wind farms. Tamil Nadu and Rajasthan coastal areas have India's best wind resources.,renewable
What is BESS?,BESS stands for Battery Energy Storage System. It stores excess solar or wind energy for use when generation is low — such as nights for solar or calm days for wind — enabling 24-hour clean power supply.,renewable
What is capacity factor?,Capacity factor is the ratio of actual energy produced to the maximum possible if the plant ran at full capacity 24/7. Solar typically achieves 18-25% in India while coal plants run at 50-70% capacity factor.,renewable
What is co-located hybrid generation?,Co-located hybrid generation means placing both solar panels and wind turbines at the same site. This smooths out generation — wind often peaks at night or in monsoon when solar is weak — improving overall capacity factor.,renewable
Which state has the worst fossil dependency?,Chhattisgarh Jharkhand and Bihar top the fossil dependency list with near 100% fossil grid composition. These states have almost no clean energy capacity making them the highest priority for transition investment.,states
Why is Chhattisgarh ranked first?,Chhattisgarh has over 24000 MW of coal capacity representing nearly 100% of its grid — one of the highest fossil ratios of any Indian state. It also has multiple ageing plants with high Transition Scores.,states
What is the fossil ratio?,The fossil ratio is the percentage of a state's total installed capacity that comes from fossil fuels. A ratio of 1.0 means 100% fossil. It is calculated from the latest IEA Ember India Monthly Electricity Release data.,states
Which states are already transitioning well?,Gujarat Karnataka Tamil Nadu Himachal Pradesh and Kerala have the best clean energy ratios. Gujarat has over 43000 MW of clean capacity. Karnataka and Tamil Nadu lead in wind and solar deployment.,states
What is the total retirable fossil capacity?,The total fossil plant capacity across all Urgent Replacement candidates represents hundreds of gigawatts of potential clean energy opportunity across India's coal belt states.,states
Which region has the best hybrid potential?,Rajasthan's Thar Desert corridor has exceptional solar combined with adequate wind making it India's best hybrid zone. The Deccan Plateau including Tamil Nadu Andhra Pradesh and Karnataka also has strong hybrid sites.,states
What is the Gangetic Plain's renewable outlook?,Gangetic Plain states like Uttar Pradesh Bihar and Jharkhand have strong solar resources but lower wind speeds at 100m. Solar-primary or hybrid with storage systems are recommended for plant replacements in this region.,states
How does VayuAkra assign states to plants?,VayuAkra uses a KDTree spatial algorithm to assign each plant to its nearest state centroid. This maps plants to Indian states without needing a reverse-geocoding API.,technical
What is a KDTree?,A KDTree is a data structure that efficiently finds the nearest point in space. VayuAkra uses it to match each plant's latitude-longitude to the closest state centroid — assigning it a state name in milliseconds.,technical
What is TF-IDF?,TF-IDF stands for Term Frequency-Inverse Document Frequency. It is a text similarity technique used by VayuAkra's chatbot to find the most relevant answer to your question by comparing word patterns.,technical
What technology powers VayuAkra?,VayuAkra is built with Python Streamlit for the web interface Plotly for interactive charts Pandas and NumPy for data processing and SciPy for spatial analysis.,technical
What is Streamlit?,Streamlit is an open-source Python framework that turns data scripts into shareable web applications. VayuAkra uses Streamlit to create its interactive dashboard without needing HTML or JavaScript.,technical
What is Plotly?,Plotly is a Python visualisation library used in VayuAkra for the interactive map bar charts pie charts and gauge indicators. It supports zoom hover and click interactions.,technical
How do I run VayuAkra locally?,Run pip install -r requirements.txt then streamlit run app.py in your terminal. Place both CSV files in the same folder as app.py. The dashboard opens at http://localhost:8501.,technical
What is India's 2030 renewable target?,India pledged under COP26 to achieve 500 GW of non-fossil fuel capacity by 2030. VayuAkra helps identify which plants to retire and which sites to prioritise to help meet this goal.,policy
What is COP26?,COP26 was the 2021 United Nations Climate Change Conference in Glasgow where India committed to 500 GW renewable capacity by 2030 and net zero emissions by 2070.,policy
Why is coal still dominant in India?,Coal dominates because India historically built its industrial economy on cheap domestic coal reserves. Many plants were commissioned in the 1980s and 1990s and are now ageing while the grid infrastructure was designed around centralised coal power.,policy
What is the National Electricity Plan?,India's National Electricity Plan 2023-2032 outlines the government's roadmap for power sector development including targets for renewable capacity additions and coal plant retirement timelines.,policy
What is the Global Power Plant Database?,The Global Power Plant Database is an open dataset published by the World Resources Institute containing over 35000 power plants worldwide with location capacity fuel type and commissioning year data.,data
What is the IEA Ember Monthly Release?,The IEA Ember India Monthly Electricity Release is a dataset tracking India's monthly electricity generation and capacity by fuel type broken down by state — used in VayuAkra to calculate each state's fossil-to-clean ratio.,data
What is NASA POWER?,NASA POWER is a NASA project providing solar irradiance meteorological and wind speed data derived from satellite observations worldwide — used to supply the 12-month solar bands in VayuAkra's plant dataset.,data
What is ERA5?,ERA5 is a global climate reanalysis dataset produced by the European Centre for Medium-Range Weather Forecasts providing historical weather data including wind speeds — used for the wind_speed_100m values in VayuAkra.,data
How many tabs does VayuAkra have?,VayuAkra has four tabs — Geospatial Intelligence Map for the national overview State Leaderboard for state rankings Surya-Vayu Analysis for per-plant deep dives and VayuAkra AI for the chatbot.,features
What is the best plant to replace first?,The plants with the highest Transition Scores — typically old coal plants in Chhattisgarh Jharkhand or Madhya Pradesh with high solar and wind potential — are the best candidates for first replacement.,strategy
How do I find hybrid candidates?,On the map filter by Recommended Mix = Hybrid Candidate in the sidebar or look for blue-badged plants in the Surya-Vayu tab. These sites have both solar and wind above the 75th national percentile.,strategy
Can VayuAkra work offline?,Yes. Once deployed VayuAkra only needs the two CSV files to run. The map requires internet to load the basemap tiles but all data processing and scoring happens entirely offline.,technical
What is the commissioning year?,The commissioning year is the year a power plant began commercial operations. Older commissioning years mean older plants which score higher on the Age component of the Transition Score.,general
What is MW?,MW stands for Megawatt — a unit of power. One MW can power roughly 1000 average Indian homes. VayuAkra's plant capacities range from a few MW for small gas turbines to over 3000 MW for large coal stations.,general
What is installed capacity?,Installed capacity is the maximum power a plant can generate in MW under ideal conditions. It is different from actual generation which depends on fuel availability maintenance and grid demand.,general
What is a power purchase agreement?,A power purchase agreement or PPA is a contract between a power generator and a buyer committing to purchase electricity at an agreed price for a set period — key to financing new renewable projects replacing retired coal plants.,policy
What is grid stability?,Grid stability means maintaining a consistent frequency and voltage across the electricity network. Replacing coal baseload with intermittent solar and wind requires storage or hybrid systems to maintain grid stability.,renewable
What is a capacity factor for solar in India?,Solar plants in India typically achieve 18-25% capacity factor depending on location. Rajasthan achieves the highest values. This compares to 55-70% for coal baseload plants highlighting the need for more solar capacity to replace equivalent coal output.,renewable
How much solar capacity replaces one coal plant?,Due to capacity factor differences roughly 3-4 MW of solar capacity is needed to match 1 MW of coal baseload generation when accounting for storage and grid balancing needs.,renewable
What is the monsoon effect on solar?,During India's monsoon season June to September cloud cover significantly reduces solar irradiance especially in western and central India. This is why VayuAkra shows the 12-month solar curve — to reveal seasonal dips.,renewable
What is wind curtailment?,Wind curtailment occurs when more wind power is generated than the grid can absorb and turbines are switched off wasting clean energy. Grid upgrades and storage are essential to reduce curtailment as wind capacity expands.,renewable
Why does the map use a dark theme?,The dark carto-darkmatter basemap is used because plant markers with red-to-green colour coding are much more visible against a dark background than a light map — improving readability for data analysis.,features
What is the difference between solar and hybrid?,A Solar recommendation means the site is strong only for solar. A Hybrid Candidate means both solar AND wind are strong at that location allowing a co-located system that generates more consistently across seasons and times of day.,classification
How does VayuAkra prioritise states?,States with higher fossil ratios from the IEA Ember monthly data receive higher Regional Grid Priority scores. This means plants in 100% fossil states like Chhattisgarh score higher than plants in states like Gujarat which already has significant clean capacity.,scoring
What happens after a plant is retired?,After retirement the site can host renewable infrastructure. The existing grid connection land and sometimes workers can be repurposed — a process called just transition that VayuAkra's replacement capacity targets help plan.,policy
Is VayuAkra open source?,Yes. VayuAkra is a self-contained open-source Python application requiring only pip install and a single streamlit run command. No cloud services API keys or databases are required.,technical
What is India's current coal capacity?,India has over 200 GW of installed coal capacity making it the second largest coal power system in the world. VayuAkra identifies which of these plants should be prioritised for transition based on age resources and grid context.,policy
How accurate is the state assignment?,State assignment via KDTree nearest-centroid is an approximation. Plants near state borders may occasionally be assigned to the wrong state. A production system would use GeoJSON state boundary polygons for precise assignment.,technical
What improvements could make VayuAkra better?,Future enhancements include GeoJSON boundary integration BESS sizing calculators carbon abatement estimates live API data feeds adjustable scoring weights and multi-language support for Hindi Tamil and Telugu.,general
